Country,Indicator,1995,1996,1997,1998,1999,2000,2001,2002,2003,2004,2005,2006,2007,2008,2009,2010
Afghanistan,Life expectancy,53.3,53.8,53.7,52.8,54.4,54.6,54.8,55.6,56.4,56.9,57.4,57.6,58,58.8,59.3,59.9
Albania,Life expectancy,74.6,74.4,72.5,74.5,74.6,74.9,75.2,75.3,75.4,75.6,76,76.4,76.9,77,77.5,77.6
Algeria,Life expectancy,72.9,73.3,73.2,73.5,73.9,74,74.2,74.5,74.6,75,75.3,75.5,75.7,75.9,76.1,76.3
Andorra,Life expectancy,79.7,80,80.3,80.6,80.9,81.2,81.4,81.6,81.7,81.7,81.8,82,82.1,82.2,82.2,82.3
Angola,Life expectancy,49.5,50.1,50.2,49.3,50.7,51.7,52.4,53.5,54.2,54.8,55.7,56.4,57.5,58.4,59.1,59.9
Antigua and Barbuda,Life expectancy,74.1,74.2,74.4,74.5,74.6,74.7,74.9,75.2,75.4,75.6,75.8,76,76.3,76.4,76.6,76.6
Argentina,Life expectancy,73.3,73.3,73.5,73.5,73.6,74.2,74.3,74.2,74.3,74.9,75.3,75.4,75.1,75.5,75.6,75.8
Armenia,Life expectancy,69.9,70.3,71,71.5,71.9,72.3,72.6,72.7,72.9,73.2,73.4,73.6,73.9,73.8,73.9,74
Australia,Life expectancy,78.2,78.3,78.6,78.9,79.3,79.5,80,80.2,80.5,80.8,81.2,81.4,81.4,81.5,81.7,82
Austria,Life expectancy,76.8,77.1,77.6,77.8,78,78.3,78.7,78.9,79,79.4,79.6,80.1,80.2,80.4,80.3,80.6
Azerbaijan,Life expectancy,65,65.3,65.6,65.9,66.3,66.8,67.2,67.3,67.2,67.4,67.5,68,68.5,68.8,69.1,69.3
Bahamas,Life expectancy,70.8,70.5,71.3,71.8,71.1,71.5,71.6,72.4,72.9,72.9,73.4,73,73.5,73.5,73.3,73.4
Bahrain,Life expectancy,71,71.2,71.4,71.7,72.4,72.6,73.7,74.2,74.2,74.4,75.1,75.7,76.5,77.1,77.8,78.2
Bangladesh,Life expectancy,62.1,62.9,63.7,64.5,65.2,65.5,66.1,66.5,66.8,67.3,67.6,67.9,68.1,68.5,69.1,69.5
Barbados,Life expectancy,74,74.4,74.4,74.5,74.7,74.8,75.3,75.3,75.4,75.5,75.5,75.8,76.1,76.3,76.7,76.7
Belarus,Life expectancy,68.5,68.6,68.5,68.3,68,68.8,68.3,67.8,68.4,68.8,68.6,69.3,70.2,70.3,70.4,70.4
Belgium,Life expectancy,76.9,77.2,77.4,77.6,77.7,77.8,78.1,78.3,78.5,79,79.2,79.6,79.6,79.6,79.8,80.1
Belize,Life expectancy,72,71.5,71.1,69.8,70.4,70.3,70.9,71.3,71.5,71.8,72.3,72.6,73.2,73.5,73.5,73.6
Benin,Life expectancy,56.7,56.8,57,57.2,57.4,57.5,57.7,58.1,58.4,58.8,59.2,59.6,60,60.5,61,61.4
Bhutan,Life expectancy,63.1,63.9,64.5,65.2,65.9,65.7,67.1,67.8,68.3,68.8,69.3,69.8,70.3,70.8,71.1,71.6
Bolivia,Life expectancy,63.6,64.2,64.7,65.3,65.9,66.5,67.2,67.6,68.1,68.5,69,69.4,69.7,70.1,70.5,70.8
Bosnia and Herzegovina,Life expectancy,66.1,73.4,74.1,75,75.2,75.3,75.5,75.5,76,76.2,75.9,76,75.7,76.1,76.1,76.3
Botswana,Life expectancy,59.9,59,57.9,56.6,55.3,54,52.8,51.9,51.4,51.6,52.7,54.2,55.8,57,58.4,60.2
Brazil,Life expectancy,69.3,69.7,70.2,70.6,71,71.4,71.8,72.1,72.3,72.6,73.1,73.5,73.7,74,74.2,74.4
Brunei,Life expectancy,72.3,72.7,73.1,73.4,73.7,73.8,74,74.2,74.4,74.5,74.7,74.8,74.9,75,75,75.1
Bulgaria,Life expectancy,71,71,70.4,70.9,71.5,71.6,71.9,72.2,72.4,72.5,72.6,72.7,73,73.3,73.6,73.8
Burkina Faso,Life expectancy,50.5,50.3,50.8,51.4,51.9,52.4,52.8,53.4,54,54.6,55.3,55.9,56.5,57.2,57.8,58.3
Burundi,Life expectancy,44.3,43.9,43.6,44.3,44.6,44.9,45.7,46.6,47.5,48.7,49.7,53.8,54.9,56,56.9,57.8
Cambodia,Life expectancy,58.7,58.8,59.1,59.4,59.8,60.2,60.8,61.5,62.1,62.9,63.7,64.5,65.3,66,66.6,67.1
Cameroon,Life expectancy,56.2,55.9,55.6,55.3,55.1,54.8,54.7,54.6,54.6,54.6,54.9,55.3,55.7,56.3,56.9,57.7
Canada,Life expectancy,78,78.2,78.5,78.7,78.9,79.2,79.5,79.6,79.8,80.1,80.2,80.6,80.7,80.8,81.1,81.4
Cape Verde,Life expectancy,69.2,70.4,70.6,70.8,70.7,71.2,71.5,71.7,72,72.3,72.5,72.9,73,73.7,74,74.3
Central African Republic,Life expectancy,45.4,45,44.7,44.6,44.4,44.3,44.3,44.4,44.7,44.9,45.2,45.6,46,46.7,47.4,48
Chad,Life expectancy,53.2,52.7,52.5,52.3,52.3,52.1,52.3,52.5,52.6,53,53.6,53.7,54.6,55.1,55.8,56.4
Chile,Life expectancy,75.1,75.4,75.8,76,76.3,76.9,76.8,77.3,77.3,77.5,77.9,78.2,78.4,78.8,78.6,78.6
China,Life expectancy,70,70.4,70.8,71.3,71.7,72.1,72.6,73,73.4,73.7,74.2,74.9,75.4,75.4,75.7,75.8
Colombia,Life expectancy,72,72.3,73.2,73.7,73.9,74.1,74.3,73.3,75.1,75.6,76.4,76.6,77.3,77.6,77.7,78.1
Comoros,Life expectancy,59.9,59.3,60.2,60.3,61.3,61.6,62.5,62.9,63.6,64.1,64.5,64.8,65,65.8,65.4,66.5
"Congo, Dem. Rep.",Life expectancy,53.5,51.8,51.9,53.1,53.4,53.8,54.1,54.3,54.6,55.3,55.9,56.3,56.6,56.8,57.1,57.9
"Congo, Rep.",Life expectancy,52.2,52,46.6,50.1,51.9,52.8,53.6,54.3,54.8,55.6,56.3,57.1,57.6,58.3,59.1,59.8
Costa Rica,Life expectancy,76.3,76.8,77,77.2,77.3,77.9,78,78.3,78.4,78.5,79.3,79.2,80.2,80.2,80.3,79.4
Cote d'Ivoire,Life expectancy,51.7,51.6,51.7,51.8,52,52.3,52.7,52.9,53.3,53.7,54.2,54.9,55.5,56.3,57,57.4
Croatia,Life expectancy,73.1,73.5,73.4,73.8,74,74.5,74.8,74.9,74.9,75.5,75.5,75.8,75.7,75.8,76.4,76.8
Cuba,Life expectancy,75.1,75.5,75.9,76.1,76.4,76.8,77.1,77.8,77.8,77.7,77.6,78.3,78.3,78.3,78.3,78.3
Cyprus,Life expectancy,76.8,76.8,76.6,76.5,76.7,76.8,77,77.2,77.4,77.6,77.9,78.4,78.8,79.3,79.7,80.1
Czech Republic,Life expectancy,73.3,73.9,74,74.6,74.8,75,75.3,75.5,75.5,76,76.3,76.8,77,77.2,77.5,77.7
Denmark,Life expectancy,75.5,75.8,76.2,76.6,76.3,77,77.2,77.2,77.5,77.8,78.3,78.3,78.4,78.8,79,79.3
Djibouti,Life expectancy,60.3,60.3,60.1,60.3,60.4,60.5,60.8,60.9,61,61.1,61.6,61.5,62.3,62.8,63.3,63.8
Dominica,Life expectancy,72.9,73,73.3,73.5,73.6,73.7,73.9,74,73.9,74,74.1,74.1,74,74.2,74,73.6
Dominican Republic,Life expectancy,73.5,73.4,73.4,73.3,73.6,73.9,74,74.1,73.8,73.1,73.2,73.2,73.5,73.8,74,74
Ecuador,Life expectancy,73.4,73.3,73.8,73.7,73.9,74.2,74.8,74.3,74.2,74.2,74,74.1,74.2,74.2,74.5,74.7
Egypt,Life expectancy,66.6,67.1,67.4,67.8,68.2,68.7,68.5,68.4,68.4,68.6,68.8,68.9,69.3,69.4,69.3,69.4
El Salvador,Life expectancy,70.8,71,71.2,71.2,71.8,72.4,72.3,73.1,73,72.5,72.4,72.9,72.4,73,72.8,73.4
Equatorial Guinea,Life expectancy,48.5,49.1,51.4,52.8,54.1,55.6,57.3,58.6,59.3,59.9,60.2,61,61.4,61.6,61.9,62.2
Eritrea,Life expectancy,52,52.5,53,53.4,43.4,53.3,54.5,55,55.2,55.6,56,56.6,57,57.5,58.1,58.6
Estonia,Life expectancy,67.9,69.8,70.2,69.8,70.6,71,70.8,71.3,72,72.5,72.9,73.1,73.2,74.3,75,76
Eswatini,Life expectancy,59.4,57.2,55,52.6,50.4,48.3,46.5,45.4,44.5,43.9,43.6,43.9,44.2,44.5,44.9,46
Ethiopia,Life expectancy,49.1,49.7,50.2,50.6,50.3,50.8,53,53.9,54.8,55.7,56.8,57.9,59.2,60.5,61.7,62.9
Fiji,Life expectancy,66.9,66.6,66,66.3,65.9,65.9,66.3,66.6,66.7,67,67,67,66.9,67,67.3,67.4
Finland,Life expectancy,76.7,77,77.2,77.4,77.6,77.8,78.2,78.5,78.7,78.8,79.1,79.5,79.5,79.8,80,80.2
France,Life expectancy,78,78.3,78.7,78.6,78.8,79.1,79.2,79.4,79.6,80.2,80.4,80.7,81,81.1,81.2,81.4
Gabon,Life expectancy,60.4,60,60.2,60,59.7,59.3,59,59,58.9,58.9,59.5,59.9,60.6,61.2,61.9,62.8
Gambia,Life expectancy,61.1,61.2,61.2,61.5,61.5,61.7,61.9,62,62.1,62.3,62.4,62.6,62.7,63,63.3,63.6
Georgia,Life expectancy,71.3,72.1,72.5,72.6,73,73.1,73,72.4,72.6,72.9,73.4,73.7,73.8,72.8,72.8,72.8
Germany,Life expectancy,76.7,77,77.4,77.8,78,78.3,78.6,78.7,78.8,79.4,79.7,79.9,80.1,80.2,80.3,80.4
Ghana,Life expectancy,59.5,59.5,59.2,59.4,59.4,59.4,59.4,59.5,59.6,59.8,60,60.2,60.4,60.8,61.2,61.6
Greece,Life expectancy,78.2,78.3,78.5,78.6,78.6,78.8,79,79.2,79.1,79.1,79.3,79.6,79.4,79.8,80,80.3
Grenada,Life expectancy,71.7,72.2,72.7,73.1,73.6,73.9,74.1,74.2,74.4,74,74.5,74.5,74.5,74.4,74.2,74.1
Guatemala,Life expectancy,65.8,67.2,66.8,66.8,68.1,68,68.6,69.3,69.4,69.7,69.5,69.9,70.9,71.4,71.3,71.7
Guinea,Life expectancy,53.4,53.8,54.1,54.3,54.5,54.4,54.8,55.2,55.5,55.7,55.9,56.1,56.3,56.7,56.9,57.4
Guinea-Bissau,Life expectancy,50.4,50.7,50.3,50.2,50.9,52,52.3,52.6,52.9,53.2,53.2,53.9,54.3,54.7,55.3,55.9
Guyana,Life expectancy,66.2,65.8,66.2,66.3,66.7,66.2,66.2,66.2,66.5,66.8,66.6,67.2,67.7,68,68.6,68
Haiti,Life expectancy,55,55.4,55.7,56.2,56.8,57.4,57.9,58.5,58.9,58.8,59.8,60.2,60.6,60.9,61.5,32.5
Honduras,Life expectancy,69.2,69.4,69.7,63.5,70.1,70.4,70.7,71,71.2,71.4,71.7,71.9,72.2,72.5,72.7,72.8
Hungary,Life expectancy,70,70.7,71,70.9,71,71.8,72.4,72.5,72.6,72.9,72.9,73.3,73.5,74,74.2,74.6
Iceland,Life expectancy,78.3,78.8,79,79.4,79.8,80.1,80.4,80.8,81.1,81.2,81.4,81.7,81.9,82,82.1,82.4
India,Life expectancy,61.8,62.1,62,62.1,62.6,62.9,63.3,63.9,64.5,65.2,65.5,65.8,66,66.2,66.5,66.7
Indonesia,Life expectancy,66,66.4,66.7,66.9,67,67.3,67.6,67.8,68,66.5,68.5,68.7,69,69.2,69.4,69.7
Iran,Life expectancy,72.1,72.5,72.7,73.1,73.3,73.6,73.7,73.8,72.9,74.2,74.3,74.5,74.7,74.9,75,75.2
Iraq,Life expectancy,65.4,65.4,65.3,66.1,66.6,66.7,67.6,67.7,68.4,69,69.5,68.7,69.2,71.6,72.7,73.5
Ireland,Life expectancy,75.6,75.9,76,76.2,76.3,76.6,77.2,77.7,78.2,78.5,79,79.3,79.6,79.7,79.8,80.7
Israel,Life expectancy,77.7,77.9,78.1,78.2,78.5,78.7,78.9,78.7,79.4,79.8,80.1,80.3,80.6,80.9,81.3,81.8
Italy,Life expectancy,78.1,78.4,78.7,78.8,79.2,79.6,79.8,80.1,80.1,80.7,80.9,81.2,81.4,81.5,81.7,82
Jamaica,Life expectancy,74.2,74.1,74,73.9,73.7,74,74.2,75,75.9,76.5,77.2,77.3,76.4,75.6,75,75.8
Japan,Life expectancy,80,80.5,80.8,80.8,81,81.4,81.7,82,82.1,82.3,82.3,82.6,82.8,82.9,83.1,83.1
Jordan,Life expectancy,71.6,71.7,71.9,72.1,72.4,72.8,73.1,73.4,74,74.4,74.6,75,75.8,76.6,77.2,77.6
Kazakhstan,Life expectancy,64.6,64.4,64.8,65.4,66,65.5,65.5,65.5,65.3,65.3,65.3,65.5,66.2,67.2,68.2,68.4
Kenya,Life expectancy,58.1,57.4,56.6,56,55.8,55.6,55.7,55.8,56,56.4,56.9,57.6,58.4,59.3,60.2,61.2
Kiribati,Life expectancy,58.7,59,59.1,59.2,59.2,59.3,59.5,59.6,59.8,59.9,60.1,60.3,60.5,60.6,60.8,60.9
Kuwait,Life expectancy,79,79.2,78.7,78.8,78.6,78.6,79.3,79.4,79.5,79.3,79.2,79.2,79.5,79.6,80.2,81.2
Kyrgyz Republic,Life expectancy,65.4,65.7,66,66.2,66.7,66.9,67,67,67,67.1,67.1,67.2,67.7,68.4,69.3,69.7
Lao,Life expectancy,54.3,54.8,55.4,55.9,56.5,57.1,57.6,58.4,59,59.7,60.3,61,61.7,62.4,63.1,63.8
Latvia,Life expectancy,66.9,69.2,69.9,69.4,70.2,70.7,70.2,70.5,70.9,71.2,70.8,70.3,70.8,72.1,72.8,73.2
Lebanon,Life expectancy,73.3,73.7,74.2,74.6,75.1,75.4,75.7,75.9,76.1,76.3,76.4,76.2,76.6,76.7,77,77.2
Lesotho,Life expectancy,56.7,55.4,53.9,52,50.5,48.9,47.7,46.5,45.6,44.8,44.4,44.2,44.5,45.1,46.5,47.8
Liberia,Life expectancy,50,48.9,51.9,52.5,53.2,54.3,55.2,55,55.1,58,58.7,59.4,60,60.5,60.9,61.3
Libya,Life expectancy,73.1,71.9,73.2,73.2,73.2,73.2,73.3,73.4,73.8,73.9,74,74.5,74.8,74.4,73.6,73.4
Lithuania,Life expectancy,69.2,70.4,71.4,71.7,72.2,72.3,71.8,72.2,72.2,72.1,71.4,71,70.7,71.6,73.1,73.3
Luxembourg,Life expectancy,76.4,76.6,76.9,77.3,77.7,78,78.3,78.4,78.7,79,79.4,79.7,80.1,80.5,80.7,80.8
Madagascar,Life expectancy,57.1,57.4,57.7,58,58.6,58.9,59.6,59.8,60,60.2,60.7,61.1,61.4,61.5,61.5,61.7
Malawi,Life expectancy,45.6,45.1,44.7,44.4,44.3,44.6,44.9,45.3,46,46.7,47.5,48.5,49.7,51.1,52.5,54.2
Malaysia,Life expectancy,71.9,72.1,72.4,72.7,72.6,72.8,73.2,73.4,73.4,73.7,74,74.3,74.5,74.3,74.1,74.4
Maldives,Life expectancy,68.4,69.2,69.9,70.6,71.4,72.3,73,73.8,74.5,73.8,75.6,76.2,76.8,77.5,78.5,79.2
Mali,Life expectancy,51.2,51.5,51.1,50.8,52.9,53.3,54,54.5,55.3,56,56.7,57.2,57.8,58.4,59,59.4
Malta,Life expectancy,77.6,77.8,78,78.2,78.3,78.5,78.7,79,79.1,79.2,79.3,79.5,79.6,79.9,80.2,80.4
Marshall Islands,Life expectancy,62.4,62.4,62.3,62.2,62.1,61.7,62,62,62,62.1,62.1,62.2,62.4,62.6,62.8,63
Mauritania,Life expectancy,61.4,61.7,62.2,62.6,63.1,63.5,63.9,64.4,64.9,65.3,65.7,66.4,66.9,67.4,67.8,68.2
Mauritius,Life expectancy,71,71,71,71.6,71.8,72.2,72.4,72.4,72.7,73,72.9,73,73.4,73.5,73.6,74
Mexico,Life expectancy,72.8,73.2,73.4,73.6,74.1,74.6,74.9,75,75,75.4,75.3,75.7,75.9,75.5,75.2,75.2
"Micronesia, Fed. Sts.",Life expectancy,64.6,64.8,65,65.2,65.4,65.2,65.9,65.1,66.4,66.5,66.6,66.7,66.8,66.8,66.9,67
Moldova,Life expectancy,65.8,66.6,67.9,68.6,68.6,68.6,68.9,69.1,69.2,69.1,68.7,68.9,69.3,69.6,69.6,69.8
Mongolia,Life expectancy,60.5,60.5,60.8,61.2,61.6,62,62.4,62.8,63.2,63.5,63.9,64.4,65,65.5,65.6,66
Montenegro,Life expectancy,74.3,74.1,73.8,73.8,73.8,73.9,74,74.2,74.3,74.4,74.5,74.7,75,75.3,75.7,76
Morocco,Life expectancy,67.9,68.2,68.3,68.7,68.9,69.3,69.7,70,70.3,70.5,70.8,71.1,71.4,71.6,71.9,72.1
Mozambique,Life expectancy,50.6,50.6,50.5,50.6,50.6,50.5,50.6,50.5,50.6,50.6,50.6,50.6,50.8,51.3,51.7,52
Myanmar,Life expectancy,56.9,57.2,57.6,57.9,58.3,58.7,59.1,59.6,60.1,60.6,61.2,61.9,62.5,57.6,64,64.8
Namibia,Life expectancy,59.8,58.9,57.9,56.8,55.7,54.5,53.9,53.1,52.6,52.4,52.6,53.3,54.5,56,57.3,59
Nepal,Life expectancy,62,62.8,63.6,64.3,65.1,65.7,66.4,66.5,67.3,67.5,68,68.3,68.5,68.7,69,69.2
Netherlands,Life expectancy,77.6,77.6,77.9,78,78,78.1,78.3,78.4,78.6,79.1,79.5,79.8,80.2,80.3,80.6,80.8
New Zealand,Life expectancy,76.5,76.8,77.2,77.8,77.9,78.3,78.6,78.7,78.9,79.3,79.7,79.9,80,80.1,80.4,80.7
Nicaragua,Life expectancy,72.8,73.2,73.8,73.8,74.6,75,75,75.1,75.2,75.5,75.6,76.3,76.5,76.8,77.1,77.6
Niger,Life expectancy,48.6,49.4,50,50.7,51.3,51.8,52.4,53.2,54,54.9,55.7,56.5,57.2,58,58.5,59.1
Nigeria,Life expectancy,55.4,55.2,55.4,55.3,55.2,55.2,55.4,55.7,56,56.5,57.3,57.9,58.5,59.2,59.9,60.5
North Korea,Life expectancy,62.9,62.8,62.6,62.4,62.3,62.1,62,61.9,70.2,70.2,70.3,70.4,70.4,70.6,70.7,70.9
North Macedonia,Life expectancy,72.7,72.9,73.1,73.2,73.8,73.9,73.7,73.9,74.1,74.7,74.8,74.8,74.9,75.4,75.5,75.9
Norway,Life expectancy,77.9,78,78.3,78.3,78.5,78.6,78.8,79,79.5,79.8,80.1,80.4,80.5,80.7,80.8,80.9
Oman,Life expectancy,71,71.4,71.8,72.2,72.7,73,73.4,73.7,74.1,74.5,74.9,75.1,75.2,75.2,75.3,75.2
Pakistan,Life expectancy,61.2,61.3,61.3,61.5,61.7,61.9,62.1,62.3,62.4,62.6,61.8,63.1,63.5,63.7,64,64.3
Palestine,Life expectancy,71.9,72.1,72.2,72.3,72.4,70.5,69.8,68.9,70,69.6,70.9,69.4,71.3,69.1,69.8,73.9
Panama,Life expectancy,75.9,76.2,76,76.3,77,77.4,77.7,77.8,77.8,78,78,78,78.2,78.1,78.1,78.2
Papua New Guinea,Life expectancy,55.6,55.8,56,55.3,56,56,55.9,55.8,55.7,55.6,55.6,55.6,55.7,55.9,56,56.3
Paraguay,Life expectancy,74,74,74.4,74.5,74.5,74.5,74.8,74.9,74.7,74.1,74.4,74.3,74.8,74.9,74.7,74.6
Peru,Life expectancy,71.4,72,72.6,73.1,74.2,74.7,75.6,76,75.9,76.3,76.8,77.4,77.9,77.9,77.4,77.5
Philippines,Life expectancy,69,69.3,69.3,69.4,69.5,69.3,69.2,69.1,69.1,69.2,69.1,69,69.2,69.2,69.1,69.2
Poland,Life expectancy,72.1,72.6,72.8,73.2,73.2,73.9,74.3,74.7,74.9,75,75.2,75.3,75.3,75.6,75.9,76.4
Portugal,Life expectancy,75.3,75.3,75.7,76,76.3,76.7,77,77.3,77.6,78.3,78.8,79.1,79.3,79.5,79.7,80
Qatar,Life expectancy,72.2,72.4,72.6,73,73.5,74.1,74.9,75.5,76.1,76.6,76.6,76.9,77.2,77.3,77.6,78
Romania,Life expectancy,69.4,69,69.1,69.9,70.7,71.1,71.1,71.1,71.4,71.9,72.2,72.7,73.2,73.3,73.4,73.7
Russia,Life expectancy,64.8,66,67.1,67.4,66.2,65.5,65.5,65.3,65.1,65.3,64.8,66.3,67.3,67.5,68.4,68.1
Rwanda,Life expectancy,46.5,47.5,46.5,47.7,49,49.6,50.8,52.3,53.8,55.4,57,58.7,60.3,61.8,63.1,64.3
Samoa,Life expectancy,71.1,71.1,71.3,71.5,71.6,71.7,71.8,72,72.1,72.2,72.2,72.4,72.4,72.5,70.3,72.5
Sao Tome and Principe,Life expectancy,63.8,63.6,63.7,63.8,64.2,64.6,65,65.3,65.8,66,66.1,66.8,67.3,67.7,68.4,68.9
Saudi Arabia,Life expectancy,73.6,73.8,74,74.3,74.5,74.7,74.8,74.7,74.7,74.8,74.7,74.7,74.7,74.7,74.7,74.8
Senegal,Life expectancy,59.1,59.2,59.5,59.7,60.1,60.6,61.2,61.5,62.3,62.8,63.4,63.9,64.5,65.1,65.5,65.9
Serbia,Life expectancy,71.1,71.1,71.1,71.7,69.4,72.1,72.4,72.5,72.4,72.6,72.7,73.2,73.7,73.9,74,74.4
Seychelles,Life expectancy,70.9,71,70.9,71.2,71.4,71.5,71.7,71.9,72.1,72.1,72.4,72.7,72.8,73,73,73.2
Sierra Leone,Life expectancy,49.7,51,50.9,48.9,49.2,50.9,51.4,51.5,51.8,52.1,52.6,53,53.5,54.1,54.6,55.4
Singapore,Life expectancy,77.3,77.8,78.2,78.6,79,79.3,79.6,80,80.6,80.9,81.1,81.5,81.9,82.2,82.9,83.2
Slovak Republic,Life expectancy,72.5,73,72.8,72.8,73.1,73.5,73.7,73.9,74,74.4,74.3,74.5,74.5,74.9,75.2,75.6
Slovenia,Life expectancy,74.7,75,75.2,75.3,75.6,76,76.2,76.5,76.5,77,77.7,78,78.2,78.6,79.1,79.5
Solomon Islands,Life expectancy,61,61.2,61.3,61.4,61.5,61.5,61.3,61.2,61.1,61,61,61.1,61,61.4,61.4,61.7
Somalia,Life expectancy,51,51.1,51,51.8,52.1,52.5,53,53.3,53.7,54,54.7,55.1,55,55.5,55.9,55
South Africa,Life expectancy,64.4,62.8,60.8,59.3,57.7,55.6,54.9,53.8,52.8,52.3,52,52,52.6,53.4,54.5,56.1
South Korea,Life expectancy,74.4,74.9,75.3,75.6,75.9,76.3,76.8,77.2,77.6,78.2,78.7,79.2,79.7,80.1,80.4,80.6
South Sudan,Life expectancy,52.9,53.2,51.8,52.7,53.7,54.4,55.1,55.4,55.8,56.3,56.7,56.5,57,57.4,56.9,57.8
Spain,Life expectancy,78,78.2,78.7,78.9,78.9,79.4,79.7,79.8,79.6,80.2,80.5,80.9,81,81.3,81.7,82
Sri Lanka,Life expectancy,70.7,70.7,70.4,71.2,71.6,71.6,72.7,73.6,73.7,69.3,73.8,74.2,74.4,73.7,74,74.7
St. Lucia,Life expectancy,71.7,72,72.4,72.9,73.3,73.8,74.1,74.1,74,74.2,74.3,74.6,75,75.4,75.5,75.6
St. Vincent and the Grenadines,Life expectancy,71.4,71,70.9,71,71.1,71.2,71.7,71.7,72.2,72.3,72.4,72.6,72.8,73,73,72.9
Sudan,Life expectancy,61.2,61.5,61.7,62.1,62.8,63.4,63.8,64,64.3,64.3,65.7,66.1,66.5,67,67.3,67.7
Suriname,Life expectancy,69.9,69.9,70,69.8,69.6,69.5,69.5,69.4,69.5,69.6,69.9,70.2,70.6,70.8,71.3,71.4
Sweden,Life expectancy,78.9,79.1,79.4,79.5,79.6,79.8,79.8,80,80.3,80.2,80.6,80.8,80.9,81,81.2,81.5
Switzerland,Life expectancy,78.8,79.4,79.5,79.8,80.1,80.1,80.5,80.7,80.9,81.3,81.5,81.7,81.9,82.2,82.2,82.5
Syria,Life expectancy,70.6,70.8,71.1,71.4,71.9,72.5,73.2,73.6,74.4,74.7,75,75.3,75.5,75.4,75.7,75.8
Tajikistan,Life expectancy,65.1,64.4,66.2,66.6,67.5,67.8,68.2,68.5,68.9,69.2,69.2,69.3,69.4,69.6,69.7,69.8
Tanzania,Life expectancy,52.8,52.6,52.6,52.8,53.1,53.5,54.1,54.8,55.4,56.1,56.7,57.4,58.3,59.3,60,60.9
Thailand,Life expectancy,70.3,70.1,71,71.4,71.3,71.8,72.6,73,73.6,73.8,74.8,75.4,75.9,76.3,76.8,77
Timor-Leste,Life expectancy,62.3,63.9,63.2,63.7,58.5,65.3,65.8,66.1,66.5,67.1,67.7,68.2,68.8,69.3,69.7,70
Togo,Life expectancy,57.4,57.3,57,56.9,57,56.9,56.7,56.8,56.7,56.9,56.9,57.5,57.7,58,58.6,59.2
Tonga,Life expectancy,70.6,70.6,70.5,70.7,70.7,70.7,70.7,70.7,70.7,70.7,70.8,70.8,70.9,70.9,68.8,71
Trinidad and Tobago,Life expectancy,69.8,69.7,70.3,70,69.8,70.4,70.6,71.1,71.1,71.5,71.9,72.6,72.8,72.4,73,73.6
Tunisia,Life expectancy,73.1,73.4,73.4,73.6,73.9,74.3,74.6,74.8,75.2,75.5,75.8,76.1,76.3,76.5,76.7,77
Turkey,Life expectancy,70.3,71,71.7,72.3,72.3,74.1,74.8,75.4,75.9,76.5,76.7,77,77.4,77.7,77.5,77.6
Turkmenistan,Life expectancy,64.8,64.6,64.7,65.1,65.9,66.7,67.1,67.1,66.9,66.5,66.1,66.3,66.8,67.6,68.8,69.6
Uganda,Life expectancy,46.9,47,47.5,47.9,48.6,49.1,50,50.7,51.5,52.5,53.8,54.9,55.9,57,58.1,59.1
Ukraine,Life expectancy,66.7,67,67.8,68.8,68.4,68,68.3,68.2,68.3,68,67.8,68.5,68.1,68.3,70.1,70.8
United Arab Emirates,Life expectancy,72.1,72.3,72.4,72.2,71.9,71.8,71.8,72.1,72,72,72.5,72.6,72.6,72.8,72.9,72.9
United Kingdom,Life expectancy,76.7,77,77.2,77.4,77.6,78,78.2,78.3,78.5,79,79.3,79.4,79.7,79.8,80.2,80.4
United States,Life expectancy,75.9,76.3,76.6,76.8,76.8,76.9,76.9,77,77.2,77.5,77.6,77.8,78,78.2,78.4,78.7
Uruguay,Life expectancy,73.5,73.8,74,74,74.2,74.6,74.9,74.9,74.9,75.1,75.5,76,75.5,76.1,76.4,76.4
Uzbekistan,Life expectancy,67.7,67.6,67.6,67.3,67.4,67.3,67.3,67.1,67,66.8,66.8,67.3,67.7,68,68.5,68.8
Vanuatu,Life expectancy,63,63.1,61.9,63.2,62.8,63.4,63.3,63.3,63.3,63.4,63.4,63.5,63.6,63.7,63.8,64
Venezuela,Life expectancy,72.4,73,73.7,73.7,70.1,74,74,74,73.5,74.7,75.2,75.2,75,74.7,74.8,75.3
Vietnam,Life expectancy,70.2,70.5,70.7,71.1,71.3,71.5,71.7,71.9,72.1,72.3,72.5,72.7,72.8,73,73.2,73.5
Yemen,Life expectancy,60.9,61.2,61.7,62.2,62.8,63.3,63.9,64.4,64.8,65.3,65.9,66.4,66.8,67.2,67.5,68
Zambia,Life expectancy,46.1,45.7,45.5,45.5,45.6,46,46.1,47,47.6,48.4,49.3,50.2,51.5,53,54.5,56
Zimbabwe,Life expectancy,52,50.8,49.6,48.5,47.5,46.6,46.2,45.6,45.4,45.1,45.1,45.4,45.9,46.3,47.2,49.7
Afghanistan,Employment rate,0.474,0.46,0.46,0.46,0.459,0.459,0.459,0.477,0.479,0.475,0.485,0.479,0.482,0.474,0.483,0.476
Albania,Employment rate,0.481,0.482,0.489,0.488,0.483,0.485,0.48,0.484,0.482,0.48,0.478,0.477,0.484,0.479,0.47,0.466
Algeria,Employment rate,0.307,0.321,0.332,0.324,0.315,0.306,0.315,0.319,0.327,0.352,0.36,0.372,0.365,0.374,0.378,0.381
Angola,Employment rate,0.592,0.592,0.592,0.592,0.593,0.592,0.593,0.592,0.593,0.593,0.61,0.628,0.646,0.664,0.683,0.701
Argentina,Employment rate,0.491,0.503,0.521,0.537,0.529,0.524,0.51,0.493,0.523,0.539,0.549,0.561,0.564,0.561,0.559,0.551
Armenia,Employment rate,0.543,0.524,0.513,0.518,0.504,0.497,0.491,0.484,0.478,0.473,0.469,0.466,0.464,0.462,0.464,0.482
Australia,Employment rate,0.583,0.582,0.58,0.583,0.587,0.594,0.593,0.596,0.6,0.602,0.613,0.618,0.625,0.628,0.619,0.621
Austria,Employment rate,0.565,0.554,0.552,0.553,0.559,0.558,0.556,0.56,0.559,0.535,0.548,0.554,0.565,0.572,0.568,0.571
Azerbaijan,Employment rate,0.583,0.563,0.559,0.558,0.555,0.558,0.564,0.57,0.575,0.583,0.588,0.594,0.596,0.6,0.603,0.604
Bahamas,Employment rate,0.67,0.666,0.678,0.694,0.695,0.697,0.701,0.686,0.673,0.678,0.678,0.699,0.697,0.695,0.649,0.65
Bahrain,Employment rate,0.647,0.644,0.642,0.642,0.644,0.649,0.65,0.652,0.659,0.668,0.677,0.682,0.689,0.697,0.706,0.714
Bangladesh,Employment rate,0.553,0.554,0.554,0.555,0.555,0.556,0.556,0.555,0.551,0.551,0.552,0.554,0.551,0.548,0.542,0.551
Barbados,Employment rate,0.565,0.593,0.593,0.607,0.617,0.624,0.621,0.618,0.614,0.628,0.632,0.633,0.639,0.632,0.616,0.607
Belarus,Employment rate,0.587,0.585,0.583,0.582,0.582,0.585,0.588,0.591,0.595,0.599,0.603,0.607,0.611,0.616,0.62,0.623
Belgium,Employment rate,0.457,0.456,0.459,0.46,0.474,0.488,0.476,0.474,0.471,0.48,0.487,0.486,0.496,0.499,0.492,0.495
Belize,Employment rate,0.514,0.509,0.519,0.514,0.527,0.544,0.56,0.559,0.563,0.567,0.569,0.586,0.598,0.606,0.6,0.595
Benin,Employment rate,0.718,0.718,0.718,0.718,0.717,0.716,0.715,0.713,0.713,0.713,0.712,0.711,0.709,0.707,0.705,0.703
Bhutan,Employment rate,0.621,0.623,0.627,0.631,0.636,0.64,0.651,0.664,0.676,0.682,0.685,0.69,0.688,0.689,0.689,0.675
Bolivia,Employment rate,0.67,0.662,0.687,0.681,0.674,0.672,0.67,0.674,0.682,0.69,0.688,0.696,0.682,0.702,0.7,0.701
Bosnia and Herzegovina,Employment rate,0.371,0.371,0.369,0.367,0.362,0.366,0.362,0.355,0.351,0.344,0.342,0.336,0.345,0.372,0.367,0.351
Botswana,Employment rate,0.484,0.481,0.481,0.482,0.489,0.496,0.486,0.476,0.466,0.482,0.497,0.522,0.524,0.525,0.53,0.495
Brazil,Employment rate,0.598,0.596,0.592,0.587,0.585,0.586,0.592,0.6,0.597,0.609,0.608,0.616,0.614,0.618,0.615,0.611
Brunei,Employment rate,0.629,0.63,0.632,0.634,0.638,0.642,0.639,0.636,0.634,0.635,0.636,0.633,0.632,0.632,0.633,0.634
Bulgaria,Employment rate,0.462,0.465,0.458,0.457,0.438,0.418,0.414,0.419,0.434,0.449,0.453,0.476,0.501,0.52,0.506,0.479
Burkina Faso,Employment rate,0.788,0.782,0.777,0.77,0.764,0.757,0.75,0.743,0.735,0.724,0.712,0.717,0.703,0.693,0.682,0.671
Burundi,Employment rate,0.861,0.854,0.846,0.837,0.83,0.823,0.817,0.811,0.806,0.802,0.798,0.794,0.79,0.786,0.783,0.781
Cambodia,Employment rate,0.8,0.797,0.78,0.759,0.77,0.767,0.817,0.81,0.801,0.787,0.799,0.811,0.826,0.838,0.846,0.851
Cameroon,Employment rate,0.712,0.711,0.71,0.709,0.708,0.707,0.706,0.711,0.715,0.72,0.725,0.731,0.737,0.734,0.732,0.728
Canada,Employment rate,0.583,0.58,0.586,0.593,0.601,0.608,0.607,0.612,0.62,0.622,0.622,0.624,0.63,0.631,0.612,0.612
Cape Verde,Employment rate,0.549,0.549,0.548,0.546,0.543,0.541,0.538,0.535,0.532,0.529,0.526,0.526,0.526,0.527,0.528,0.529
Central African Republic,Employment rate,0.674,0.674,0.673,0.672,0.671,0.67,0.67,0.67,0.669,0.669,0.668,0.669,0.67,0.67,0.67,0.67
Chad,Employment rate,0.683,0.684,0.684,0.684,0.684,0.684,0.684,0.684,0.684,0.683,0.682,0.682,0.681,0.681,0.68,0.678
Chile,Employment rate,0.526,0.515,0.519,0.522,0.503,0.495,0.495,0.493,0.497,0.509,0.509,0.517,0.534,0.538,0.524,0.556
China,Employment rate,0.751,0.749,0.747,0.743,0.74,0.737,0.73,0.723,0.716,0.709,0.703,0.699,0.696,0.687,0.684,0.68
Colombia,Employment rate,0.513,0.503,0.509,0.5,0.477,0.482,0.523,0.527,0.543,0.554,0.574,0.576,0.593,0.6,0.601,0.615
Comoros,Employment rate,0.408,0.407,0.406,0.405,0.404,0.402,0.401,0.4,0.399,0.399,0.399,0.399,0.399,0.4,0.401,0.403
"Congo, Dem. Rep.",Employment rate,0.695,0.696,0.696,0.696,0.696,0.696,0.696,0.697,0.696,0.696,0.696,0.697,0.697,0.697,0.697,0.697
"Congo, Rep.",Employment rate,0.54,0.54,0.541,0.541,0.543,0.543,0.544,0.546,0.547,0.549,0.551,0.559,0.567,0.575,0.582,0.594
Costa Rica,Employment rate,0.564,0.539,0.563,0.579,0.572,0.564,0.578,0.575,0.575,0.565,0.584,0.586,0.601,0.596,0.572,0.551
Cote d'Ivoire,Employment rate,0.639,0.638,0.637,0.636,0.633,0.629,0.626,0.622,0.618,0.614,0.61,0.606,0.601,0.597,0.592,0.587
Croatia,Employment rate,0.495,0.496,0.492,0.481,0.466,0.45,0.449,0.444,0.45,0.462,0.466,0.469,0.478,0.487,0.484,0.466
Cuba,Employment rate,0.471,0.477,0.48,0.485,0.485,0.491,0.498,0.502,0.508,0.511,0.518,0.525,0.533,0.539,0.55,0.541
Cyprus,Employment rate,0.58,0.575,0.577,0.574,0.571,0.578,0.596,0.6,0.605,0.607,0.597,0.604,0.611,0.611,0.602,0.6
Czech Republic,Employment rate,0.589,0.587,0.579,0.569,0.554,0.549,0.55,0.554,0.549,0.543,0.548,0.551,0.557,0.559,0.547,0.541
Denmark,Employment rate,0.608,0.609,0.622,0.622,0.628,0.628,0.627,0.633,0.62,0.626,0.627,0.637,0.633,0.638,0.614,0.596
Djibouti,Employment rate,0.583,0.582,0.581,0.581,0.58,0.579,0.577,0.574,0.57,0.567,0.564,0.562,0.56,0.559,0.557,0.556
Dominican Republic,Employment rate,0.597,0.598,0.601,0.601,0.601,0.601,0.601,0.603,0.6,0.602,0.607,0.615,0.62,0.609,0.591,0.606
Ecuador,Employment rate,0.607,0.586,0.596,0.603,0.582,0.618,0.605,0.615,0.609,0.63,0.638,0.649,0.652,0.634,0.631,0.624
Egypt,Employment rate,0.412,0.418,0.416,0.412,0.427,0.42,0.414,0.406,0.406,0.413,0.413,0.421,0.439,0.443,0.444,0.435
El Salvador,Employment rate,0.573,0.56,0.556,0.579,0.579,0.572,0.567,0.569,0.58,0.568,0.565,0.573,0.579,0.581,0.571,0.583
Equatorial Guinea,Employment rate,0.576,0.569,0.558,0.554,0.552,0.552,0.545,0.544,0.545,0.544,0.547,0.546,0.544,0.545,0.549,0.556
Eritrea,Employment rate,0.769,0.767,0.763,0.76,0.757,0.753,0.749,0.745,0.742,0.74,0.738,0.74,0.743,0.746,0.749,0.751
Estonia,Employment rate,0.558,0.551,0.552,0.547,0.524,0.511,0.505,0.511,0.522,0.529,0.539,0.57,0.579,0.58,0.526,0.504
Eswatini,Employment rate,0.425,0.422,0.417,0.416,0.414,0.412,0.411,0.41,0.41,0.409,0.409,0.409,0.376,0.377,0.378,0.38
Ethiopia,Employment rate,0.754,0.75,0.746,0.742,0.737,0.748,0.758,0.769,0.78,0.79,0.8,0.799,0.798,0.797,0.795,0.794
Fiji,Employment rate,0.564,0.559,0.552,0.545,0.537,0.531,0.526,0.522,0.521,0.538,0.536,0.52,0.504,0.507,0.513,0.517
Finland,Employment rate,0.497,0.5,0.51,0.521,0.537,0.542,0.549,0.549,0.546,0.543,0.555,0.563,0.571,0.576,0.555,0.548
France,Employment rate,0.487,0.487,0.483,0.486,0.489,0.499,0.505,0.506,0.515,0.511,0.514,0.513,0.518,0.523,0.515,0.513
Gabon,Employment rate,0.386,0.386,0.385,0.386,0.389,0.39,0.389,0.391,0.391,0.393,0.395,0.394,0.391,0.393,0.394,0.392
Gambia,Employment rate,0.523,0.523,0.522,0.522,0.521,0.522,0.523,0.525,0.526,0.528,0.53,0.531,0.533,0.534,0.536,0.537
Georgia,Employment rate,0.594,0.572,0.565,0.564,0.567,0.566,0.585,0.557,0.575,0.556,0.546,0.548,0.55,0.531,0.53,0.543
Germany,Employment rate,0.534,0.529,0.524,0.524,0.532,0.535,0.535,0.53,0.522,0.514,0.519,0.528,0.541,0.548,0.548,0.553
Ghana,Employment rate,0.702,0.696,0.691,0.687,0.672,0.669,0.679,0.689,0.698,0.708,0.718,0.728,0.726,0.724,0.722,0.721
Greece,Employment rate,0.47,0.472,0.471,0.473,0.471,0.474,0.469,0.474,0.48,0.483,0.483,0.49,0.493,0.496,0.49,0.475
Guatemala,Employment rate,0.605,0.606,0.608,0.61,0.611,0.615,0.617,0.607,0.606,0.61,0.633,0.655,0.641,0.629,0.617,0.604
Guinea,Employment rate,0.626,0.626,0.626,0.626,0.625,0.624,0.623,0.623,0.622,0.622,0.621,0.62,0.62,0.619,0.619,0.618
Guinea-Bissau,Employment rate,0.683,0.682,0.68,0.679,0.677,0.676,0.674,0.673,0.672,0.671,0.669,0.668,0.668,0.667,0.667,0.667
Guyana,Employment rate,0.519,0.52,0.515,0.501,0.507,0.498,0.501,0.495,0.492,0.495,0.489,0.5,0.504,0.498,0.5,0.501
Haiti,Employment rate,0.612,0.606,0.601,0.596,0.592,0.58,0.571,0.565,0.559,0.549,0.548,0.543,0.541,0.545,0.555,0.554
Honduras,Employment rate,0.642,0.636,0.645,0.643,0.645,0.631,0.617,0.605,0.586,0.571,0.566,0.594,0.604,0.613,0.62,0.617
Hungary,Employment rate,0.444,0.433,0.43,0.436,0.454,0.458,0.46,0.46,0.467,0.465,0.465,0.468,0.466,0.461,0.45,0.449
Iceland,Employment rate,0.727,0.728,0.719,0.737,0.755,0.768,0.766,0.747,0.737,0.733,0.738,0.745,0.75,0.738,0.693,0.692
India,Employment rate,0.582,0.579,0.575,0.572,0.569,0.565,0.567,0.57,0.574,0.576,0.58,0.57,0.56,0.55,0.542,0.534
Indonesia,Employment rate,0.632,0.631,0.628,0.631,0.633,0.634,0.636,0.633,0.634,0.631,0.623,0.624,0.621,0.626,0.636,0.641
Iran,Employment rate,0.394,0.391,0.388,0.386,0.384,0.385,0.384,0.395,0.407,0.418,0.417,0.412,0.406,0.387,0.386,0.373
Iraq,Employment rate,0.381,0.387,0.386,0.386,0.384,0.38,0.378,0.377,0.38,0.378,0.39,0.404,0.416,0.43,0.43,0.429
Ireland,Employment rate,0.474,0.483,0.497,0.526,0.551,0.568,0.573,0.574,0.575,0.579,0.598,0.605,0.609,0.595,0.547,0.527
Israel,Employment rate,0.564,0.56,0.548,0.539,0.539,0.544,0.54,0.527,0.526,0.533,0.547,0.555,0.568,0.579,0.568,0.577
Italy,Employment rate,0.418,0.418,0.417,0.418,0.422,0.426,0.434,0.44,0.445,0.457,0.452,0.456,0.457,0.456,0.445,0.44
Jamaica,Employment rate,0.582,0.578,0.57,0.568,0.564,0.563,0.565,0.567,0.582,0.583,0.588,0.597,0.6,0.594,0.588,0.582
Japan,Employment rate,0.616,0.616,0.617,0.609,0.601,0.596,0.591,0.582,0.58,0.578,0.579,0.58,0.584,0.582,0.573,0.57
Jordan,Employment rate,0.364,0.368,0.367,0.366,0.365,0.363,0.358,0.352,0.35,0.35,0.348,0.35,0.365,0.365,0.371,0.366
Kazakhstan,Employment rate,0.637,0.622,0.621,0.62,0.617,0.62,0.632,0.637,0.637,0.634,0.638,0.643,0.649,0.657,0.654,0.663
Kenya,Employment rate,0.652,0.65,0.649,0.647,0.646,0.636,0.625,0.614,0.603,0.592,0.58,0.581,0.582,0.584,0.578,0.58
Kuwait,Employment rate,0.667,0.672,0.669,0.667,0.667,0.667,0.665,0.664,0.667,0.669,0.672,0.675,0.674,0.675,0.683,0.687
Kyrgyz Republic,Employment rate,0.608,0.596,0.594,0.594,0.594,0.594,0.592,0.563,0.576,0.582,0.596,0.603,0.598,0.592,0.585,0.585
Lao,Employment rate,0.789,0.789,0.788,0.788,0.787,0.786,0.785,0.784,0.782,0.781,0.777,0.777,0.776,0.776,0.775,0.775
Latvia,Employment rate,0.481,0.474,0.51,0.503,0.496,0.481,0.485,0.498,0.501,0.505,0.515,0.549,0.566,0.567,0.496,0.475
Lebanon,Employment rate,0.399,0.398,0.401,0.401,0.404,0.407,0.412,0.416,0.421,0.423,0.424,0.425,0.424,0.427,0.43,0.428
Lesotho,Employment rate,0.437,0.479,0.453,0.416,0.54,0.567,0.523,0.472,0.499,0.44,0.442,0.454,0.451,0.443,0.447,0.502
Liberia,Employment rate,0.54,0.538,0.53,0.527,0.525,0.521,0.522,0.523,0.528,0.529,0.529,0.53,0.531,0.537,0.542,0.551
Libya,Employment rate,0.401,0.396,0.399,0.4,0.403,0.404,0.408,0.41,0.409,0.416,0.418,0.424,0.428,0.432,0.437,0.438
Lithuania,Employment rate,0.509,0.514,0.525,0.525,0.529,0.505,0.488,0.505,0.524,0.51,0.515,0.52,0.532,0.526,0.488,0.468
Luxembourg,Employment rate,0.488,0.491,0.497,0.498,0.508,0.521,0.519,0.525,0.512,0.513,0.523,0.527,0.527,0.522,0.543,0.545
Madagascar,Employment rate,0.815,0.815,0.815,0.816,0.816,0.816,0.82,0.824,0.828,0.837,0.846,0.85,0.852,0.854,0.856,0.856
Malawi,Employment rate,0.711,0.712,0.713,0.714,0.714,0.715,0.714,0.713,0.712,0.711,0.711,0.713,0.714,0.717,0.719,0.721
Malaysia,Employment rate,0.599,0.601,0.601,0.599,0.597,0.599,0.595,0.593,0.591,0.59,0.59,0.589,0.588,0.581,0.582,0.583
Maldives,Employment rate,0.505,0.51,0.515,0.52,0.526,0.532,0.546,0.563,0.581,0.598,0.614,0.634,0.631,0.63,0.626,0.63
Mali,Employment rate,0.489,0.49,0.491,0.487,0.484,0.48,0.477,0.475,0.472,0.469,0.486,0.502,0.515,0.54,0.565,0.597
Malta,Employment rate,0.466,0.461,0.463,0.462,0.464,0.468,0.469,0.466,0.46,0.447,0.45,0.452,0.461,0.464,0.461,0.467
Mauritania,Employment rate,0.462,0.462,0.463,0.462,0.46,0.461,0.46,0.458,0.456,0.455,0.453,0.451,0.451,0.45,0.449,0.447
Mauritius,Employment rate,0.542,0.544,0.547,0.55,0.553,0.556,0.56,0.553,0.544,0.533,0.53,0.531,0.528,0.535,0.533,0.537
Mexico,Employment rate,0.557,0.567,0.588,0.59,0.589,0.588,0.582,0.582,0.576,0.585,0.589,0.596,0.597,0.592,0.583,0.581
Moldova,Employment rate,0.469,0.457,0.454,0.455,0.454,0.466,0.469,0.468,0.46,0.458,0.45,0.436,0.434,0.426,0.402,0.389
Mongolia,Employment rate,0.563,0.558,0.553,0.565,0.573,0.576,0.575,0.566,0.557,0.573,0.573,0.572,0.548,0.557,0.557,0.551
Montenegro,Employment rate,0.366,0.351,0.367,0.364,0.371,0.35,0.361,0.358,0.356,0.353,0.353,0.379,0.405,0.415,0.403,0.397
Morocco,Employment rate,0.396,0.416,0.425,0.411,0.438,0.441,0.444,0.446,0.448,0.455,0.452,0.455,0.454,0.451,0.453,0.453
Mozambique,Employment rate,0.653,0.651,0.651,0.657,0.662,0.666,0.668,0.671,0.672,0.669,0.666,0.662,0.658,0.652,0.645,0.637
Myanmar,Employment rate,0.72,0.719,0.718,0.716,0.713,0.709,0.706,0.702,0.698,0.694,0.689,0.685,0.681,0.677,0.673,0.668
Namibia,Employment rate,0.453,0.449,0.441,0.446,0.45,0.45,0.452,0.453,0.454,0.449,0.45,0.451,0.452,0.452,0.453,0.459
Nepal,Employment rate,0.823,0.823,0.828,0.834,0.844,0.842,0.84,0.837,0.835,0.833,0.829,0.826,0.823,0.819,0.816,0.814
Netherlands,Employment rate,0.543,0.552,0.569,0.583,0.595,0.611,0.621,0.625,0.618,0.613,0.613,0.622,0.635,0.643,0.641,0.618
New Zealand,Employment rate,0.601,0.609,0.604,0.595,0.6,0.607,0.618,0.626,0.627,0.637,0.646,0.651,0.655,0.651,0.636,0.631
Nicaragua,Employment rate,0.491,0.501,0.52,0.521,0.543,0.557,0.579,0.545,0.575,0.583,0.591,0.593,0.6,0.596,0.588,0.594
Niger,Employment rate,0.744,0.749,0.754,0.759,0.765,0.771,0.776,0.774,0.771,0.769,0.766,0.768,0.772,0.776,0.781,0.785
Nigeria,Employment rate,0.532,0.531,0.53,0.529,0.528,0.526,0.526,0.526,0.526,0.523,0.524,0.525,0.525,0.526,0.527,0.528
North Korea,Employment rate,0.768,0.788,0.787,0.787,0.787,0.785,0.784,0.782,0.78,0.779,0.778,0.775,0.774,0.774,0.772,0.772
North Macedonia,Employment rate,0.351,0.348,0.346,0.351,0.359,0.36,0.37,0.363,0.339,0.322,0.332,0.345,0.354,0.365,0.376,0.378
Norway,Employment rate,0.592,0.612,0.628,0.644,0.645,0.646,0.644,0.644,0.631,0.629,0.626,0.634,0.647,0.657,0.644,0.634
Oman,Employment rate,0.583,0.57,0.555,0.542,0.534,0.527,0.525,0.527,0.53,0.533,0.537,0.542,0.55,0.562,0.577,0.594
Pakistan,Employment rate,0.467,0.471,0.475,0.475,0.476,0.474,0.468,0.467,0.469,0.478,0.486,0.504,0.506,0.505,0.508,0.512
Palestine,Employment rate,0.336,0.3,0.314,0.335,0.346,0.338,0.292,0.264,0.294,0.296,0.312,0.314,0.329,0.315,0.313,0.312
Panama,Employment rate,0.536,0.534,0.541,0.538,0.553,0.544,0.539,0.546,0.551,0.563,0.579,0.579,0.599,0.619,0.621,0.616
Papua New Guinea,Employment rate,0.689,0.686,0.69,0.694,0.695,0.699,0.701,0.704,0.705,0.707,0.706,0.707,0.706,0.705,0.704,0.702
Paraguay,Employment rate,0.671,0.639,0.659,0.66,0.632,0.645,0.646,0.634,0.653,0.656,0.669,0.667,0.672,0.675,0.672,0.658
Peru,Employment rate,0.606,0.619,0.639,0.64,0.652,0.637,0.664,0.678,0.697,0.708,0.719,0.735,0.746,0.748,0.753,0.763
Philippines,Employment rate,0.602,0.601,0.6,0.603,0.602,0.601,0.602,0.601,0.601,0.597,0.597,0.596,0.6,0.597,0.6,0.601
Poland,Employment rate,0.507,0.507,0.507,0.508,0.488,0.471,0.462,0.445,0.443,0.441,0.453,0.467,0.488,0.507,0.507,0.505
Portugal,Employment rate,0.543,0.544,0.554,0.577,0.577,0.584,0.59,0.592,0.581,0.577,0.573,0.574,0.573,0.574,0.555,0.545
Qatar,Employment rate,0.764,0.759,0.753,0.748,0.744,0.742,0.74,0.747,0.758,0.777,0.793,0.8,0.817,0.833,0.848,0.863
Romania,Employment rate,0.629,0.615,0.624,0.614,0.609,0.598,0.587,0.526,0.516,0.508,0.496,0.505,0.508,0.508,0.501,0.511
Russia,Employment rate,0.562,0.552,0.527,0.51,0.536,0.554,0.552,0.564,0.558,0.564,0.571,0.574,0.588,0.59,0.577,0.584
Rwanda,Employment rate,0.87,0.867,0.865,0.866,0.866,0.865,0.863,0.86,0.854,0.849,0.845,0.843,0.843,0.843,0.843,0.842
Samoa,Employment rate,0.334,0.332,0.333,0.332,0.331,0.327,0.322,0.323,0.323,0.323,0.323,0.324,0.317,0.314,0.313,0.31
Sao Tome and Principe,Employment rate,0.463,0.463,0.466,0.469,0.473,0.475,0.47,0.459,0.466,0.467,0.466,0.468,0.475,0.479,0.486,0.491
Saudi Arabia,Employment rate,0.489,0.479,0.472,0.468,0.466,0.476,0.472,0.468,0.47,0.472,0.474,0.473,0.476,0.477,0.474,0.482
Senegal,Employment rate,0.499,0.498,0.496,0.493,0.491,0.489,0.487,0.486,0.48,0.473,0.466,0.461,0.47,0.479,0.488,0.498
Serbia,Employment rate,0.494,0.493,0.487,0.486,0.489,0.492,0.488,0.479,0.469,0.448,0.432,0.431,0.446,0.463,0.437,0.411
Sierra Leone,Employment rate,0.624,0.623,0.623,0.622,0.621,0.621,0.623,0.621,0.621,0.636,0.627,0.619,0.61,0.602,0.594,0.586
Singapore,Employment rate,0.629,0.628,0.635,0.626,0.616,0.623,0.622,0.602,0.6,0.6,0.606,0.619,0.629,0.638,0.636,0.648
Slovak Republic,Employment rate,0.521,0.534,0.526,0.52,0.499,0.484,0.487,0.486,0.499,0.49,0.499,0.512,0.522,0.536,0.517,0.503
Slovenia,Employment rate,0.537,0.536,0.545,0.549,0.538,0.534,0.543,0.546,0.528,0.554,0.554,0.558,0.569,0.569,0.559,0.549
Solomon Islands,Employment rate,0.686,0.689,0.692,0.694,0.697,0.708,0.714,0.717,0.716,0.715,0.713,0.712,0.71,0.708,0.712,0.709
Somalia,Employment rate,0.456,0.454,0.453,0.451,0.449,0.448,0.445,0.443,0.442,0.441,0.439,0.438,0.436,0.434,0.433,0.433
South Africa,Employment rate,0.443,0.42,0.41,0.398,0.396,0.407,0.395,0.385,0.385,0.401,0.408,0.417,0.422,0.433,0.413,0.394
South Korea,Employment rate,0.604,0.608,0.609,0.565,0.568,0.584,0.588,0.598,0.592,0.598,0.598,0.598,0.599,0.595,0.584,0.585
South Sudan,Employment rate,0.652,0.653,0.652,0.655,0.655,0.655,0.654,0.653,0.653,0.65,0.649,0.648,0.647,0.646,0.645,0.643
Spain,Employment rate,0.386,0.392,0.403,0.416,0.437,0.455,0.467,0.477,0.486,0.495,0.516,0.528,0.533,0.522,0.485,0.475
Sri Lanka,Employment rate,0.488,0.495,0.5,0.541,0.528,0.525,0.523,0.517,0.519,0.517,0.52,0.526,0.528,0.53,0.525,0.52
St. Lucia,Employment rate,0.53,0.531,0.505,0.498,0.521,0.532,0.555,0.512,0.505,0.519,0.538,0.56,0.576,0.586,0.568,0.531
St. Vincent and the Grenadines,Employment rate,0.52,0.517,0.523,0.528,0.527,0.529,0.523,0.535,0.542,0.546,0.55,0.56,0.562,0.559,0.561,0.562
Sudan,Employment rate,0.442,0.445,0.443,0.441,0.438,0.436,0.435,0.433,0.431,0.429,0.427,0.424,0.422,0.418,0.414,0.414
Suriname,Employment rate,0.458,0.45,0.454,0.455,0.441,0.447,0.458,0.46,0.467,0.47,0.47,0.475,0.477,0.48,0.482,0.491
Sweden,Employment rate,0.58,0.575,0.566,0.572,0.582,0.59,0.601,0.6,0.595,0.589,0.588,0.588,0.597,0.599,0.58,0.577
Switzerland,Employment rate,0.648,0.65,0.646,0.655,0.657,0.656,0.661,0.657,0.65,0.644,0.64,0.647,0.652,0.659,0.655,0.637
Syria,Employment rate,0.49,0.481,0.472,0.465,0.464,0.454,0.442,0.438,0.44,0.432,0.423,0.419,0.408,0.398,0.395,0.394
Tajikistan,Employment rate,0.534,0.513,0.513,0.516,0.514,0.516,0.518,0.516,0.516,0.516,0.518,0.52,0.521,0.522,0.522,0.522
Tanzania,Employment rate,0.798,0.797,0.795,0.793,0.791,0.79,0.787,0.8,0.798,0.796,0.794,0.793,0.798,0.802,0.81,0.806
Thailand,Employment rate,0.738,0.741,0.743,0.717,0.71,0.717,0.717,0.721,0.721,0.722,0.724,0.719,0.723,0.723,0.718,0.719
Timor-Leste,Employment rate,0.568,0.564,0.559,0.557,0.549,0.53,0.52,0.507,0.49,0.474,0.456,0.444,0.426,0.417,0.408,0.401
Togo,Employment rate,0.803,0.8,0.797,0.795,0.793,0.792,0.791,0.791,0.791,0.791,0.791,0.792,0.788,0.783,0.778,0.772
Tonga,Employment rate,0.586,0.583,0.579,0.573,0.568,0.564,0.564,0.564,0.565,0.574,0.582,0.596,0.597,0.596,0.594,0.592
Trinidad and Tobago,Employment rate,0.498,0.511,0.52,0.526,0.532,0.538,0.545,0.549,0.559,0.583,0.595,0.606,0.608,0.613,0.602,0.6
Tunisia,Employment rate,0.406,0.407,0.407,0.404,0.401,0.4,0.4,0.396,0.397,0.396,0.4,0.405,0.408,0.41,0.401,0.406
Turkey,Employment rate,0.494,0.495,0.482,0.483,0.477,0.456,0.445,0.433,0.42,0.41,0.411,0.411,0.411,0.413,0.408,0.426
Turkmenistan,Employment rate,0.61,0.603,0.604,0.607,0.607,0.609,0.61,0.609,0.61,0.61,0.611,0.612,0.613,0.614,0.615,0.616
Uganda,Employment rate,0.687,0.685,0.684,0.682,0.68,0.679,0.678,0.677,0.68,0.685,0.691,0.688,0.684,0.681,0.678,0.68
Ukraine,Employment rate,0.564,0.545,0.53,0.508,0.497,0.503,0.498,0.504,0.505,0.505,0.511,0.512,0.514,0.514,0.501,0.505
United Arab Emirates,Employment rate,0.738,0.733,0.731,0.732,0.736,0.742,0.735,0.734,0.738,0.748,0.759,0.76,0.767,0.771,0.778,0.792
United Kingdom,Employment rate,0.555,0.559,0.567,0.572,0.575,0.58,0.581,0.582,0.584,0.586,0.588,0.588,0.587,0.587,0.573,0.57
United States,Employment rate,0.621,0.624,0.63,0.633,0.636,0.638,0.629,0.619,0.614,0.614,0.618,0.622,0.62,0.612,0.584,0.575
Uruguay,Employment rate,0.561,0.55,0.554,0.565,0.558,0.546,0.545,0.527,0.524,0.547,0.552,0.574,0.585,0.598,0.605,0.608
Uzbekistan,Employment rate,0.585,0.575,0.575,0.576,0.577,0.577,0.578,0.578,0.578,0.579,0.58,0.581,0.583,0.584,0.586,0.589
Vanuatu,Employment rate,0.664,0.663,0.661,0.659,0.66,0.657,0.661,0.665,0.665,0.665,0.664,0.662,0.661,0.661,0.663,0.666
Venezuela,Employment rate,0.564,0.556,0.563,0.565,0.543,0.553,0.559,0.535,0.529,0.554,0.575,0.594,0.601,0.606,0.599,0.593
Vietnam,Employment rate,0.759,0.758,0.75,0.754,0.754,0.754,0.749,0.754,0.752,0.753,0.75,0.749,0.747,0.748,0.746,0.749
Yemen,Employment rate,0.416,0.416,0.416,0.415,0.415,0.402,0.39,0.379,0.368,0.359,0.355,0.351,0.347,0.344,0.341,0.325
Zambia,Employment rate,0.656,0.674,0.686,0.697,0.693,0.689,0.694,0.699,0.704,0.709,0.713,0.713,0.712,0.716,0.69,0.664
Zimbabwe,Employment rate,0.699,0.693,0.684,0.677,0.669,0.692,0.717,0.742,0.765,0.788,0.787,0.786,0.786,0.786,0.784,0.783
Afghanistan,Out-of-pocket health spending,,,,,,,,0.887,0.876,0.866,0.831,0.829,0.826,0.829,0.831,0.83
Albania,Out-of-pocket health spending,0.5,0.603,0.607,0.604,0.566,0.638,0.617,0.638,0.604,0.561,0.565,0.569,0.578,0.583,0.587,0.608
Algeria,Out-of-pocket health spending,0.239,0.216,0.248,0.255,0.263,0.258,0.217,0.217,0.203,0.274,0.264,0.243,0.215,0.194,0.196,0.209
Andorra,Out-of-pocket health spending,0.267,0.261,0.252,0.187,0.251,0.266,0.219,0.22,0.223,0.218,0.221,0.217,0.226,0.225,0.224,0.224
Angola,Out-of-pocket health spending,0.132,0.231,0.221,0.269,0.258,0.208,0.145,0.211,0.189,0.24,0.255,0.207,0.198,0.157,0.101,0.175
Antigua and Barbuda,Out-of-pocket health spending,0.292,0.312,0.296,0.279,0.267,0.269,0.3,0.303,0.313,0.322,0.32,0.302,0.296,0.286,0.293,0.258
Argentina,Out-of-pocket health spending,0.28,0.298,0.288,0.291,0.286,0.291,0.293,0.298,0.307,0.306,0.294,0.284,0.25,0.222,0.199,0.299
Armenia,Out-of-pocket health spending,0.659,0.691,0.715,0.675,0.671,0.771,0.696,0.686,0.691,0.715,0.666,0.577,0.549,0.518,0.525,0.551
Australia,Out-of-pocket health spending,0.161,0.169,0.169,0.199,0.186,0.198,0.193,0.188,0.183,0.183,0.186,0.187,0.18,0.182,0.195,0.205
Austria,Out-of-pocket health spending,0.152,0.157,0.155,0.154,0.152,0.153,0.161,0.162,0.164,0.16,0.157,0.158,0.154,0.147,0.145,0.146
Azerbaijan,Out-of-pocket health spending,0.656,0.643,0.618,0.666,0.643,0.632,0.633,0.653,0.775,0.792,0.83,0.795,0.739,0.733,0.693,0.695
Bahamas,Out-of-pocket health spending,0.241,0.241,0.234,0.221,0.214,0.211,0.211,0.232,0.249,0.263,0.295,0.273,0.297,0.296,0.287,0.294
Bahrain,Out-of-pocket health spending,0.216,0.22,0.214,0.227,0.222,0.223,0.228,0.226,0.223,0.227,0.219,0.211,0.192,0.167,0.171,0.145
Bangladesh,Out-of-pocket health spending,0.613,0.612,0.554,0.568,0.579,0.58,0.575,0.579,0.597,0.587,0.626,0.612,0.633,0.66,0.647,0.634
Belarus,Out-of-pocket health spending,0.186,0.148,0.088,0.134,0.132,0.14,0.183,0.205,0.182,0.173,0.199,0.222,0.236,0.274,0.269,0.199
Belgium,Out-of-pocket health spending,0.196,0.189,0.211,0.212,0.209,0.205,0.197,0.213,0.198,0.185,0.185,0.203,0.206,0.201,0.199,0.202
Benin,Out-of-pocket health spending,0.549,0.556,0.579,0.557,0.539,0.557,0.507,0.558,0.522,0.521,0.477,0.472,0.46,0.447,0.428,0.468
Bhutan,Out-of-pocket health spending,0.316,0.299,0.308,0.328,0.244,0.207,0.216,0.162,0.259,0.275,0.234,0.184,0.147,0.135,0.13,0.12
Bosnia and Herzegovina,Out-of-pocket health spending,0.529,0.559,0.555,0.57,0.455,0.424,0.393,0.367,0.308,0.428,0.45,0.445,0.435,0.418,0.386,0.386
Botswana,Out-of-pocket health spending,0.178,0.164,0.151,0.16,0.153,0.139,0.102,0.0852,0.093,0.069,0.0759,0.0799,0.0695,0.0709,0.0708,0.0811
Brunei,Out-of-pocket health spending,0.219,0.184,0.186,0.16,0.221,0.133,0.188,0.175,0.162,0.162,0.157,0.158,0.153,0.138,0.147,0.149
Burkina Faso,Out-of-pocket health spending,0.577,0.581,0.555,0.566,0.555,0.57,0.591,0.529,0.494,0.441,0.381,0.394,0.372,0.381,0.371,0.362
Burundi,Out-of-pocket health spending,0.492,0.431,0.475,0.477,0.472,0.504,0.48,0.513,0.533,0.419,0.402,0.39,0.377,0.384,0.393,0.379
Cambodia,Out-of-pocket health spending,0.705,0.498,0.547,0.665,0.71,0.712,0.617,0.589,0.516,0.506,0.563,0.542,0.474,0.467,0.423,0.404
Cameroon,Out-of-pocket health spending,0.719,0.788,0.746,0.777,0.767,0.747,0.717,0.693,0.692,0.719,0.722,0.728,0.733,0.756,0.7,0.665
Canada,Out-of-pocket health spending,0.16,0.163,0.169,0.163,0.164,0.159,0.152,0.152,0.145,0.147,0.146,0.15,0.148,0.146,0.146,0.147
Cape Verde,Out-of-pocket health spending,0.192,0.178,0.178,0.247,0.26,0.264,0.241,0.243,0.26,0.22,0.227,0.219,0.249,0.267,0.259,0.249
Central African Republic,Out-of-pocket health spending,0.573,0.658,0.595,0.634,0.585,0.556,0.581,0.559,0.572,0.589,0.614,0.613,0.625,0.634,0.625,0.614
Chad,Out-of-pocket health spending,0.63,0.604,0.624,0.667,0.636,0.553,0.579,0.665,0.511,0.623,0.569,0.656,0.742,0.758,0.776,0.725
China,Out-of-pocket health spending,0.464,0.506,0.528,0.549,0.559,0.59,0.6,0.577,0.559,0.536,0.522,0.493,0.44,0.404,0.375,0.366
Comoros,Out-of-pocket health spending,0.288,0.304,0.331,0.363,0.394,0.473,0.525,0.427,0.418,0.396,0.39,0.363,0.347,0.326,0.468,0.328
"Congo, Dem. Rep.",Out-of-pocket health spending,0.673,0.698,0.679,0.716,0.685,0.724,0.683,0.67,0.568,0.576,0.511,0.504,0.477,0.392,0.358,0.359
"Congo, Rep.",Out-of-pocket health spending,0.404,0.395,0.402,0.412,0.425,0.423,0.45,0.473,0.501,0.462,0.405,0.367,0.424,0.519,0.525,0.533
Cote d'Ivoire,Out-of-pocket health spending,0.762,0.752,0.754,0.785,0.757,0.723,0.74,0.683,0.724,0.73,0.785,0.793,0.71,0.694,0.782,0.775
Cyprus,Out-of-pocket health spending,0.633,0.649,0.636,0.57,0.546,0.559,0.552,0.528,0.434,0.465,0.47,0.466,0.478,0.488,0.488,0.488
Czech Republic,Out-of-pocket health spending,0.0911,0.0933,0.0971,0.0957,0.0952,0.0968,0.102,0.0953,0.0996,0.103,0.107,0.113,0.132,0.157,0.144,0.147
Denmark,Out-of-pocket health spending,0.163,0.162,0.163,0.164,0.146,0.147,0.144,0.141,0.14,0.142,0.141,0.138,0.136,0.133,0.132,0.131
Djibouti,Out-of-pocket health spending,0.393,0.41,0.379,0.334,0.288,0.317,0.346,0.35,0.326,0.378,0.312,0.329,0.305,0.317,0.304,0.344
Egypt,Out-of-pocket health spending,0.48,0.543,0.584,0.577,0.578,0.58,0.583,0.588,0.587,0.586,0.584,0.548,0.576,0.565,0.591,0.612
Equatorial Guinea,Out-of-pocket health spending,0.43,0.476,0.495,0.508,0.506,0.488,0.352,0.191,0.299,0.385,0.36,0.28,0.256,0.411,0.221,0.222
Eritrea,Out-of-pocket health spending,0.521,0.627,0.578,0.569,0.572,0.524,0.473,0.507,0.528,0.538,0.54,0.544,0.547,0.495,0.523,0.518
Estonia,Out-of-pocket health spending,0.102,0.115,0.106,0.132,0.126,0.174,0.167,0.175,0.185,0.188,0.205,0.253,0.222,0.199,0.211,0.196
Eswatini,Out-of-pocket health spending,0.135,0.147,0.142,0.167,0.179,0.185,0.179,0.168,0.146,0.166,0.163,0.15,0.156,0.151,0.141,0.154
Ethiopia,Out-of-pocket health spending,0.47,0.486,0.464,0.447,0.425,0.368,0.345,0.374,0.344,0.348,0.315,0.361,0.348,0.385,0.371,0.372
Fiji,Out-of-pocket health spending,0.128,0.117,0.11,0.113,0.124,0.101,0.123,0.111,0.119,0.122,0.118,0.136,0.155,0.155,0.219,0.197
Finland,Out-of-pocket health spending,0.226,0.227,0.221,0.216,0.224,0.223,0.218,0.213,0.191,0.188,0.185,0.191,0.193,0.191,0.19,0.188
France,Out-of-pocket health spending,0.076,0.0732,0.0719,0.0712,0.0716,0.071,0.0717,0.0697,0.0665,0.0656,0.0662,0.0659,0.0702,0.0744,0.0731,0.0734
Gabon,Out-of-pocket health spending,0.621,0.597,0.6,0.596,0.644,0.58,0.58,0.637,0.562,0.543,0.577,0.573,0.561,0.563,0.521,0.471
Gambia,Out-of-pocket health spending,0.382,0.379,0.378,0.355,0.35,0.356,0.336,0.336,0.254,0.204,0.217,0.208,0.25,0.251,0.225,0.238
Georgia,Out-of-pocket health spending,0.948,0.883,0.813,0.817,0.817,0.825,0.723,0.712,0.771,0.774,0.768,0.722,0.708,0.642,0.665,0.683
Germany,Out-of-pocket health spending,0.0997,0.0975,0.106,0.113,0.112,0.114,0.116,0.117,0.121,0.134,0.134,0.137,0.136,0.133,0.131,0.13
Ghana,Out-of-pocket health spending,0.27,0.27,0.292,0.284,0.321,0.33,0.276,0.323,0.312,0.244,0.214,0.282,0.253,0.284,0.288,0.269
Greece,Out-of-pocket health spending,0.459,0.45,0.451,0.459,0.447,0.378,0.37,0.397,0.38,0.387,0.379,0.36,0.375,0.379,0.362,0.384
Guinea,Out-of-pocket health spending,0.791,0.807,0.793,0.828,0.812,0.809,0.781,0.783,0.753,0.826,0.881,0.867,0.914,0.856,0.913,0.882
Guinea-Bissau,Out-of-pocket health spending,0.442,0.409,0.368,0.404,0.399,0.515,0.498,0.351,0.422,0.483,0.484,0.497,0.486,0.497,0.66,0.664
Hungary,Out-of-pocket health spending,0.16,0.184,0.187,0.223,0.249,0.263,0.277,0.263,0.237,0.234,0.238,0.23,0.243,0.238,0.237,0.24
Iceland,Out-of-pocket health spending,0.156,0.164,0.151,0.191,0.169,0.185,0.186,0.177,0.167,0.172,0.169,0.163,0.157,0.151,0.164,0.179
India,Out-of-pocket health spending,0.676,0.676,0.688,0.683,0.656,0.68,0.704,0.706,0.707,0.691,0.684,0.668,0.651,0.629,0.602,0.612
Indonesia,Out-of-pocket health spending,0.466,0.461,0.472,0.482,0.479,0.465,0.418,0.447,0.444,0.447,0.456,0.431,0.406,0.403,0.405,0.383
Iran,Out-of-pocket health spending,0.536,0.511,0.497,0.499,0.554,0.562,0.537,0.535,0.514,0.541,0.532,0.518,0.535,0.519,0.569,0.578
Iraq,Out-of-pocket health spending,,0.996,0.996,0.967,0.968,0.989,0.983,0.971,0.546,0.278,0.326,0.362,0.305,0.254,0.219,0.188
Ireland,Out-of-pocket health spending,0.154,0.155,0.153,0.144,0.15,0.152,0.15,0.145,0.16,0.157,0.153,0.144,0.139,0.144,0.123,0.152
Israel,Out-of-pocket health spending,0.272,0.225,0.214,0.25,0.272,0.246,0.267,0.291,0.275,0.264,0.267,0.285,0.291,0.308,0.292,0.292
Italy,Out-of-pocket health spending,0.266,0.265,0.264,0.267,0.261,0.245,0.221,0.224,0.224,0.212,0.205,0.199,0.201,0.196,0.196,0.196
Japan,Out-of-pocket health spending,0.14,0.141,0.152,0.157,0.154,0.154,0.152,0.156,0.164,0.163,0.154,0.17,0.161,0.158,0.145,0.143
Jordan,Out-of-pocket health spending,0.244,0.269,0.285,0.298,0.338,0.39,0.384,0.392,0.413,0.396,0.408,0.4,0.359,0.319,0.229,0.251
Kazakhstan,Out-of-pocket health spending,0.355,0.359,0.352,0.354,0.469,0.484,0.426,0.459,0.448,0.413,0.375,0.41,0.472,0.41,0.403,0.401
Kenya,Out-of-pocket health spending,0.42,0.474,0.484,0.447,0.484,0.432,0.445,0.448,0.448,0.455,0.447,0.431,0.441,0.462,0.435,0.427
Kuwait,Out-of-pocket health spending,0.17,0.193,0.189,0.197,0.192,0.224,0.174,0.188,0.179,0.184,0.183,0.172,0.193,0.197,0.132,0.178
Kyrgyz Republic,Out-of-pocket health spending,0.392,0.469,0.448,0.469,0.459,0.498,0.533,0.55,0.577,0.558,0.56,0.505,0.471,0.45,0.415,0.378
Lao,Out-of-pocket health spending,0.358,0.382,0.381,0.513,0.634,0.596,0.503,0.509,0.558,0.624,0.658,0.653,0.664,0.568,0.507,0.511
Lebanon,Out-of-pocket health spending,0.553,0.553,0.563,0.596,0.568,0.524,0.471,0.408,0.437,0.424,0.394,0.428,0.443,0.41,0.427,0.447
Lesotho,Out-of-pocket health spending,0.411,0.384,0.399,0.375,0.376,0.361,0.301,0.307,0.287,0.294,0.322,0.276,0.232,0.206,0.177,0.164
Liberia,Out-of-pocket health spending,,,,0.357,0.35,0.364,0.349,0.388,0.384,0.367,0.342,0.366,0.401,0.35,0.342,0.352
Libya,Out-of-pocket health spending,0.504,0.512,0.549,0.48,0.498,0.428,0.354,0.352,0.365,0.37,0.382,0.39,0.341,0.297,0.339,0.312
Luxembourg,Out-of-pocket health spending,0.0618,0.0717,0.074,0.076,0.0734,0.118,0.125,0.118,0.122,0.116,0.116,0.115,0.122,0.124,0.116,0.113
Madagascar,Out-of-pocket health spending,0.247,0.217,0.205,0.21,0.206,0.177,0.161,0.174,0.19,0.199,0.206,0.215,0.229,0.213,0.242,0.271
Malawi,Out-of-pocket health spending,0.289,0.338,0.302,0.266,0.25,0.22,0.239,0.165,0.118,0.0942,0.0881,0.088,0.0986,0.104,0.0949,0.111
Malaysia,Out-of-pocket health spending,0.28,0.27,0.286,0.286,0.291,0.296,0.276,0.288,0.277,0.319,0.362,0.336,0.343,0.343,0.34,0.342
Maldives,Out-of-pocket health spending,0.143,0.209,0.211,0.223,0.21,0.23,0.231,0.236,0.344,0.324,0.262,0.255,0.249,0.219,0.282,0.283
Mali,Out-of-pocket health spending,0.477,0.604,0.639,0.655,0.697,0.665,0.55,0.596,0.551,0.505,0.532,0.515,0.517,0.532,0.525,0.531
Marshall Islands,Out-of-pocket health spending,0.129,0.108,0.102,0.11,0.109,0.0906,0.105,0.112,0.127,0.124,0.13,0.123,0.124,0.135,0.121,0.126
Mauritania,Out-of-pocket health spending,0.387,0.483,0.464,0.382,0.305,0.316,0.379,0.315,0.344,0.329,0.352,0.356,0.397,0.458,0.446,0.443
Mauritius,Out-of-pocket health spending,0.336,0.34,0.339,0.334,0.336,0.358,0.356,0.363,0.364,0.366,0.44,0.498,0.565,0.587,0.558,0.517
"Micronesia, Fed. Sts.",Out-of-pocket health spending,0.0483,0.0546,0.0617,0.0694,0.0639,0.0615,0.0559,0.0606,0.051,0.0467,0.0638,0.0723,0.0671,0.094,0.0908,0.0863
Moldova,Out-of-pocket health spending,0.274,0.274,0.282,0.364,0.437,0.429,0.471,0.396,0.419,0.404,0.447,0.461,0.457,0.451,0.437,0.449
Monaco,Out-of-pocket health spending,0.07,0.07,0.07,0.07,0.07,0.07,0.07,0.07,0.07,0.07,0.07,0.07,0.07,0.07,0.07,0.07
Mongolia,Out-of-pocket health spending,0.145,0.134,0.121,0.128,0.121,0.121,0.105,0.169,0.152,0.0866,0.158,0.232,0.303,0.4,0.416,0.414
Montenegro,Out-of-pocket health spending,0.29,0.291,0.289,0.29,0.295,0.282,0.269,0.286,0.246,0.256,0.28,0.291,0.28,0.269,0.261,0.299
Morocco,Out-of-pocket health spending,0.527,0.528,0.555,0.544,0.546,0.54,0.518,0.605,0.6,0.591,0.598,0.58,0.55,0.545,0.529,0.535
Mozambique,Out-of-pocket health spending,0.138,0.164,0.146,0.149,0.138,0.126,0.127,0.118,0.133,0.152,0.121,0.124,0.101,0.0843,0.119,0.137
Myanmar,Out-of-pocket health spending,0.807,0.833,0.853,0.892,0.888,0.859,0.875,0.834,0.861,0.85,0.903,0.813,0.84,0.848,0.819,0.811
Namibia,Out-of-pocket health spending,0.0633,0.0603,0.0627,0.0602,0.0567,0.0564,0.0298,0.0393,0.0509,0.0375,0.0372,0.0324,0.0852,0.0813,0.0807,0.0745
Nauru,Out-of-pocket health spending,0.0341,0.0285,0.0263,0.0221,0.0267,0.0292,0.0305,0.0317,0.0395,0.0296,0.0382,0.0358,0.0262,0.04,0.0496,0.0496
Nepal,Out-of-pocket health spending,0.783,0.779,0.745,0.715,0.743,0.714,0.65,0.637,0.657,0.56,0.534,0.495,0.535,0.486,0.492,0.484
Netherlands,Out-of-pocket health spending,0.0964,0.0812,0.0767,0.0845,0.0899,0.0898,0.087,0.0802,0.0732,0.0716,0.0712,0.0563,0.0552,0.0574,0.0574,0.052
New Zealand,Out-of-pocket health spending,0.161,0.163,0.156,0.163,0.159,0.154,0.17,0.161,0.156,0.141,0.141,0.138,0.114,0.112,0.106,0.105
Niger,Out-of-pocket health spending,0.484,0.503,0.451,0.452,0.453,0.452,0.413,0.411,0.431,0.415,0.476,0.437,0.46,0.415,0.42,0.413
Nigeria,Out-of-pocket health spending,0.703,0.75,0.723,0.702,0.672,0.616,0.627,0.673,0.747,0.642,0.679,0.631,0.577,0.561,0.621,0.592
North Macedonia,Out-of-pocket health spending,0.413,0.411,0.397,0.358,0.401,0.422,0.408,0.408,0.412,0.402,0.38,0.348,0.355,0.316,0.332,0.359
Norway,Out-of-pocket health spending,0.178,0.178,0.178,0.17,0.166,0.167,0.157,0.158,0.155,0.156,0.157,0.154,0.15,0.149,0.151,0.153
Oman,Out-of-pocket health spending,0.101,0.101,0.107,0.119,0.119,0.118,0.113,0.102,0.106,0.112,0.106,0.116,0.121,0.144,0.135,0.123
Pakistan,Out-of-pocket health spending,0.726,0.712,0.733,0.654,0.666,0.635,0.62,0.56,0.615,0.612,0.606,0.574,0.566,0.526,0.533,0.505
Palau,Out-of-pocket health spending,0.187,0.171,0.176,0.222,0.223,0.24,0.133,0.103,0.0832,0.0891,0.0942,0.0825,0.087,0.0916,0.0889,0.0915
Papua New Guinea,Out-of-pocket health spending,0.0638,0.065,0.0911,0.0791,0.0858,0.102,0.0962,0.113,0.117,0.109,0.114,0.125,0.157,0.137,0.164,0.159
Philippines,Out-of-pocket health spending,0.5,0.483,0.465,0.463,0.433,0.405,0.439,0.468,0.469,0.469,0.492,0.523,0.544,0.564,0.542,0.54
Poland,Out-of-pocket health spending,0.271,0.266,0.28,0.346,0.289,0.3,0.281,0.254,0.264,0.281,0.261,0.256,0.242,0.224,0.223,0.221
Portugal,Out-of-pocket health spending,0.239,0.233,0.229,0.23,0.237,0.249,0.249,0.239,0.241,0.244,0.248,0.26,0.264,0.272,0.25,0.248
Qatar,Out-of-pocket health spending,0.346,0.301,0.283,0.299,0.29,0.264,0.236,0.238,0.153,0.153,0.153,0.152,0.152,0.152,0.158,0.16
Russia,Out-of-pocket health spending,0.169,0.181,0.181,0.23,0.275,0.3,0.305,0.309,0.328,0.332,0.313,0.3,0.297,0.29,0.301,0.314
Rwanda,Out-of-pocket health spending,0.263,0.247,0.249,0.213,0.224,0.248,0.236,0.247,0.174,0.174,0.164,0.207,0.235,0.233,0.228,0.222
Samoa,Out-of-pocket health spending,0.246,0.216,0.233,0.211,0.203,0.19,0.211,0.174,0.188,0.122,0.128,0.0948,0.0899,0.0891,0.0923,0.0777
Sao Tome and Principe,Out-of-pocket health spending,0.522,0.574,0.488,0.526,0.454,0.5,0.405,0.372,0.303,0.331,0.346,0.392,0.42,0.461,0.451,0.535
Saudi Arabia,Out-of-pocket health spending,0.349,0.327,0.305,0.304,0.223,0.189,0.185,0.189,0.184,0.182,0.165,0.154,0.168,0.188,0.197,0.186
Senegal,Out-of-pocket health spending,0.642,0.596,0.606,0.6,0.583,0.579,0.572,0.556,0.55,0.553,0.341,0.331,0.345,0.36,0.358,0.35
Serbia,Out-of-pocket health spending,0.246,0.246,0.239,0.254,0.254,0.253,0.266,0.231,0.25,0.273,0.299,0.329,0.348,0.351,0.352,0.364
Seychelles,Out-of-pocket health spending,0.147,0.123,0.136,0.156,0.158,0.171,0.147,0.127,0.0993,0.0785,0.0658,0.0534,0.0557,0.052,0.0493,0.055
Sierra Leone,Out-of-pocket health spending,0.862,0.865,0.845,0.863,0.843,0.823,0.816,0.814,0.632,0.818,0.738,0.783,0.831,0.81,0.801,0.794
Singapore,Out-of-pocket health spending,0.479,0.492,0.496,0.438,0.453,0.46,0.521,0.6,0.551,0.594,0.599,0.602,0.601,0.584,0.546,0.54
Solomon Islands,Out-of-pocket health spending,0.0402,0.0435,0.0402,0.0398,0.0382,0.0294,0.0224,0.0227,0.0435,0.0451,0.0321,0.0393,0.0412,0.0479,0.0351,0.0358
Somalia,Out-of-pocket health spending,0.565,0.556,0.545,0.539,0.55,0.552,0.554,,,,,,,,,
South Africa,Out-of-pocket health spending,0.139,0.13,0.115,0.127,0.139,0.149,0.143,0.142,0.14,0.183,0.184,0.181,0.176,0.172,0.167,0.166
South Korea,Out-of-pocket health spending,0.52,0.489,0.459,0.411,0.405,0.415,0.363,0.374,0.38,0.383,0.379,0.357,0.347,0.342,0.324,0.314
Sri Lanka,Out-of-pocket health spending,0.458,0.471,0.472,0.429,0.447,0.426,0.454,0.471,0.469,0.439,0.433,0.43,0.419,0.437,0.444,0.449
Sudan,Out-of-pocket health spending,0.803,0.706,0.72,0.713,0.745,0.661,0.66,0.655,0.644,0.625,0.598,0.621,0.633,0.641,0.697,0.672
Sweden,Out-of-pocket health spending,0.133,0.131,0.142,0.136,0.134,0.138,0.166,0.162,0.159,0.163,0.167,0.166,0.165,0.164,0.167,0.17
Switzerland,Out-of-pocket health spending,0.331,0.315,0.324,0.329,0.334,0.33,0.318,0.316,0.316,0.319,0.306,0.308,0.306,0.305,0.305,0.309
Syria,Out-of-pocket health spending,0.603,0.645,0.646,0.617,0.616,0.595,0.558,0.542,0.518,0.52,0.495,0.515,0.51,0.535,0.54,0.54
Tajikistan,Out-of-pocket health spending,0.581,0.57,0.543,0.663,0.71,0.788,0.786,0.789,0.776,0.758,0.737,0.746,0.73,0.723,0.678,0.665
Tanzania,Out-of-pocket health spending,0.477,0.5,0.471,0.489,0.502,0.473,0.467,0.485,0.441,0.455,0.373,0.223,0.149,0.159,0.141,0.136
Thailand,Out-of-pocket health spending,0.426,0.425,0.369,0.354,0.345,0.337,0.331,0.272,0.269,0.261,0.272,0.174,0.145,0.145,0.152,0.139
Timor-Leste,Out-of-pocket health spending,0.103,0.151,0.0932,0.0509,0.0986,0.0778,0.0708,0.071,0.0653,0.0895,0.065,0.0554,0.0657,0.0774,0.0868,0.113
Togo,Out-of-pocket health spending,0.57,0.588,0.614,0.548,0.597,0.597,0.67,0.684,0.636,0.633,0.593,0.57,0.575,0.545,0.48,0.47
Tonga,Out-of-pocket health spending,0.268,0.257,0.247,0.244,0.207,0.227,0.188,0.188,0.106,0.106,0.0805,0.0807,0.102,0.102,0.138,0.126
Tunisia,Out-of-pocket health spending,0.379,0.401,0.405,0.406,0.404,0.362,0.371,0.38,0.38,0.403,0.409,0.408,0.414,0.4,0.393,0.398
Turkey,Out-of-pocket health spending,0.298,0.309,0.283,0.28,0.291,0.276,0.229,0.198,0.185,0.192,0.228,0.22,0.218,0.174,0.16,0.16
Turkmenistan,Out-of-pocket health spending,0.396,0.303,0.282,0.272,0.309,0.204,0.24,0.301,0.286,0.323,0.367,0.42,0.444,0.509,0.408,0.406
Uganda,Out-of-pocket health spending,0.524,0.521,0.497,0.507,0.427,0.415,0.376,0.367,0.371,0.422,0.453,0.502,0.512,0.527,0.498,0.498
Ukraine,Out-of-pocket health spending,0.358,0.327,0.4,0.429,0.461,0.44,0.418,0.404,0.387,0.386,0.375,0.363,0.346,0.394,0.42,0.405
United Arab Emirates,Out-of-pocket health spending,0.149,0.143,0.153,0.251,0.262,0.269,0.151,0.28,0.275,0.304,0.301,0.298,0.297,0.249,0.169,0.188
United Kingdom,Out-of-pocket health spending,0.109,0.11,0.142,0.142,0.137,0.134,0.135,0.133,0.128,0.124,0.118,0.113,0.117,0.109,0.0983,0.0999
United States,Out-of-pocket health spending,0.146,0.144,0.147,0.15,0.148,0.145,0.138,0.134,0.137,0.134,0.133,0.129,0.129,0.127,0.123,0.118
Uzbekistan,Out-of-pocket health spending,0.294,0.305,0.35,0.528,0.517,0.543,0.536,0.545,0.531,0.474,0.461,0.473,0.476,0.441,0.445,0.427
Vanuatu,Out-of-pocket health spending,0.166,0.199,0.166,0.159,0.18,0.167,0.172,0.175,0.178,0.186,0.194,0.134,0.0762,0.0656,0.0575,0.0533
Vietnam,Out-of-pocket health spending,0.64,0.659,0.655,0.635,0.619,0.66,0.645,0.643,0.629,0.665,0.676,0.621,0.557,0.612,0.579,0.576
Yemen,Out-of-pocket health spending,0.655,0.536,0.52,0.495,0.475,0.436,0.443,0.462,0.521,0.605,0.648,0.633,0.692,0.68,0.725,0.748
Zambia,Out-of-pocket health spending,0.35,0.351,0.319,0.333,0.412,0.392,0.319,0.278,0.29,0.305,0.274,0.264,0.299,0.272,0.279,0.265